{
  "rmse": 47.3717816147902,
  "mae": 36.1242790222168,
  "r2": 0.24682188034057617
}