{
  "row_count": 9211,
  "rmse": 35.33567427927387,
  "mae": 25.769066454253608,
  "r2": 0.5611105539129839,
  "mape": 0.21938622730633092,
  "mape_percent": 21.938622730633092,
  "median_absolute_error": 18.84380999999999,
  "within_10_cycles_rate": 0.29790467918792746,
  "within_20_cycles_rate": 0.5266529149929432
}