epoch,train_loss
1,0.9479050442872458
2,0.8544996533435965
3,0.6802192396149204
4,0.5393431699828596
5,0.42289831517284804
6,0.3225829011820273
7,0.2523511712651116
8,0.20091742431749046
9,0.1660935076788298
10,0.1429292694819684
11,0.12746270196656254
12,0.11663717427856349
13,0.1096909742218506
14,0.10543128788865955
15,0.10248117201507223
16,0.1005546563278234
17,0.09923454928345501
18,0.09800848127990369
19,0.09712835842081516
20,0.09642110274853823
