{
  "rmse": 35.33567408839472,
  "mae": 25.769067764282227,
  "r2": 0.5611104965209961
}