{
  "rmse": 38.98626154002442,
  "mae": 29.43736457824707,
  "r2": 0.48986929655075073
}